taxonomy,so_control,D0,giai_thich_pct,R,phi_A2,control_lon_nhat,thu_tu
A1 A2 B1 B2 (khung chinh),4,0.45,48.7,0.231,0.1227,A2,A2 > B2 > A1 > B1
bo A1,3,0.45,39.8,0.2711,0.1172,A2,A2 > B2 > B1
bo A2,3,0.45,3.7,0.4335,,A1,A1 > B2 > B1
bo B1,3,0.45,49.2,0.2286,0.124,A2,A2 > B2 > A1
bo B2,3,0.45,11.5,0.3981,0.0474,A2,A2 > A1 > B1
A1 A2 B1 B2 B3 (5 control),5,0.5194,55.5,0.231,0.1182,A2,A2 > B2 > B3 > A1 > B1
"5-control, bo A1",4,0.5194,47.8,0.2711,0.1119,A2,A2 > B2 > B3 > B1
"5-control, bo A2",4,0.5194,16.6,0.4335,,B3,B3 > A1 > B2 > B1
"5-control, bo B1",4,0.5194,56.0,0.2286,0.1185,A2,A2 > B2 > B3 > A1
"5-control, bo B2",4,0.5194,23.4,0.3981,0.0457,B3,B3 > A2 > A1 > B1
"5-control, bo B3",4,0.5194,45.4,0.2835,0.1123,A2,A2 > B2 > A1 > B1
