cut,model,R,ci_low,ci_high,excludes_zero,p,p_holm,excludes_zero_holm
2015,lightgbm,0.17302477557437715,0.0667487065355705,0.27728235863542716,True,0.002,0.012,True
2015,logreg,0.2378051674322318,0.10819712268689213,0.35503800077351594,True,0.0004,0.0044,True
2015,mlp,0.22103452991245012,0.08970049497864721,0.3554357063078193,True,0.0004,0.0044,True
2015,random_forest,0.2121698463282104,0.09920900229753579,0.32241329787539075,True,0.0,0.0,True
2017,lightgbm,0.1479734969593388,-0.063915745932999,0.3712161227065257,False,0.1976,0.1976,False
2017,logreg,0.3322582565905712,0.11417863092043469,0.5628202306139533,True,0.0016,0.0112,True
2017,mlp,0.21021433973943393,-0.012260569335988236,0.4378944365905901,False,0.064,0.18719999999999998,False
2017,random_forest,0.24549268826418155,-0.009709128806977923,0.46530153174708416,False,0.0624,0.18719999999999998,False
2019,lightgbm,0.2388813439583808,0.1246684071908265,0.35859360334397916,True,0.0,0.0,True
2019,logreg,0.23846803520539114,0.12894770663962662,0.3516266800402599,True,0.0,0.0,True
2019,mlp,0.22903777703564457,0.07805624529429113,0.37553715705954044,True,0.0012,0.0096,True
2019,random_forest,0.26833404090713736,0.1622951941175381,0.3716429833542921,True,0.0,0.0,True
2021,lightgbm,0.27960641132097075,0.1823550991626199,0.38095540812560186,True,0.0,0.0,True
2021,logreg,0.24605297421645772,0.1545741993978811,0.3457480951409016,True,0.0,0.0,True
2021,mlp,0.2291552835158611,0.13569083115359915,0.32375400995110054,True,0.0,0.0,True
2021,random_forest,0.2649819706144613,0.16069970496234529,0.3728614823638686,True,0.0,0.0,True
2023,lightgbm,0.22726769417892465,0.060178799084996695,0.39182662889269004,True,0.0096,0.0384,True
2023,logreg,0.2552247198109677,0.09896482603473888,0.410127272781923,True,0.0008,0.007200000000000001,True
2023,mlp,0.288001181853137,0.13234430065739478,0.4463564857624393,True,0.0,0.0,True
2023,random_forest,0.27122645283524927,0.11113144767812633,0.43301827335248017,True,0.002,0.012,True
